agent_id,name,email,region,start_date,snapshot_date
AG1000,Jessica Li,melissathompson@johnson.org,South,2021-10-10,2024-01-01
AG1001,Morgan Fisher,gonzalesashley@mejia.com,East,2022-05-26,2024-01-01
AG1002,Shelley Brown,turnerronald@wiggins.com,West,2020-07-04,2024-01-01
AG1003,Kristen Cantu,angela07@bell.info,North,2020-07-01,2024-01-01
AG1004,Michele Phillips,qfisher@gmail.com,North,2020-11-19,2024-01-01
AG1005,Malik Hall,shawnparsons@gmail.com,North,2022-04-22,2024-01-01
AG1006,Sarah Arnold,mcguireconnor@gmail.com,East,2023-02-26,2024-01-01
AG1007,Todd Abbott,carolyn87@yahoo.com,West,2022-08-29,2024-01-01
AG1008,Mark Crawford,xmyers@hotmail.com,South,2023-01-23,2024-01-01
AG1009,Jacob Smith,cummingsanthony@gonzales.com,North,2021-07-05,2024-01-01
AG1010,Robin Simmons,epayne@wallace.info,East,2021-04-16,2024-01-01
AG1011,Thomas Coleman,howardjennifer@moore.info,South,2021-07-16,2024-01-01
AG1012,Lauren Roman,lcruz@cook.com,West,2022-11-24,2024-01-01
AG1013,Alexandra Newman,dakota33@yahoo.com,South,2021-05-09,2024-01-01
AG1014,Joseph Robinson,agonzales@yahoo.com,North,2020-10-17,2024-01-01
AG1015,Diane Clarke,amycrawford@yahoo.com,West,2020-11-10,2024-01-01
AG1016,Matthew Stone MD,catherinelopez@rivera.info,South,2020-06-25,2024-01-01
AG1017,Justin Holland,bgonzalez@gmail.com,West,2022-01-05,2024-01-01
AG1018,Charles Neal,zalexander@foster-glover.com,West,2022-06-04,2024-01-01
AG1019,Philip Coffey,allison45@gmail.com,South,2021-05-19,2024-01-01
AG1020,Shari Zimmerman,robert52@morris.com,North,2022-09-29,2024-01-01
AG1021,Michael Clark,michaelevans@gmail.com,East,2021-06-18,2024-01-01
AG1022,Stephen Martinez,jeannejimenez@gonzalez-russell.com,East,2021-07-27,2024-01-01
AG1023,Andrea Snyder,luke97@washington.com,West,2020-12-23,2024-01-01
AG1024,Barbara Mills,afields@hotmail.com,West,2023-03-22,2024-01-01
AG1025,Lori Bolton,karina47@gmail.com,West,2021-04-19,2024-01-01
AG1026,Samuel Rice,natasha75@gmail.com,East,2020-10-03,2024-01-01
AG1027,April Adams,mcdonaldjohn@peterson-johnson.com,South,2022-06-06,2024-01-01
AG1028,Kimberly Moses,bnguyen@jacobs.com,West,2022-02-12,2024-01-01
AG1029,Andrea Jenkins,larsonmatthew@hunt.com,,2020-09-23,2024-01-01
AG1030,Shannon Noble,jessicamitchell@hotmail.com,East,2022-01-02,2024-01-01
AG1031,Benjamin Walter,williamsmelinda@lester-lopez.org,East,2021-12-17,2024-01-01
AG1032,Anna Obrien,francesrobinson@graham-brooks.com,,2021-08-15,2024-01-01
AG1033,Leah Morgan,pmoore@pittman.com,North,2021-04-07,2024-01-01
AG1034,Jimmy Smith,wwilson@green-brown.com,North,2021-09-20,2024-01-01
AG1035,Joel Johnson,rcampbell@vasquez.com,North,2021-08-16,2024-01-01
AG1036,Emily Wall,pochoa@williams.com,East,2020-06-17,2024-01-01
AG1037,William Vang,wjohnston@ramirez-williams.com,East,2022-01-03,2024-01-01
AG1038,Kristina Cooper,brian69@smith-smith.com,East,2022-06-11,2024-01-01
AG1039,Melissa Williams,johnsonchristine@baker-jenkins.com,South,2022-03-01,2024-01-01
AG1040,Willie Greer,rbaker@yahoo.com,North,2021-05-07,2024-01-01
AG1041,Ellen Brandt,wheelertracey@holmes-christian.biz,North,2022-05-03,2024-01-01
AG1042,Christopher Morrison,keith76@kelly-vargas.org,South,2021-02-12,2024-01-01
AG1043,Ryan Rice,carrmelissa@mcguire.com,West,2023-03-08,2024-01-01
AG1044,Jordan Rios,phillipprice@hotmail.com,West,2023-02-19,2024-01-01
AG1045,Brian Smith,danaharris@jackson-odonnell.com,East,2021-01-12,2024-01-01
AG1046,Christopher Wallace,andrew75@casey-butler.com,North,2023-03-19,2024-01-01
AG1047,Eric Jones,randall86@velasquez.biz,North,2022-08-28,2024-01-01
AG1048,Jordan Palmer,ubarrera@parks.biz,North,2022-11-06,2024-01-01
AG1049,Tracy Williams,tamara33@ho.net,West,2022-11-17,2024-01-01
AG1050,Riley Williamson,amyriley@gmail.com,South,2022-08-31,2024-01-01
AG1051,Karen Martin,evan88@hotmail.com,North,2021-12-09,2024-01-01
AG1052,Misty Warren,youngedward@gmail.com,North,2020-10-10,2024-01-01
AG1053,Kelly Hester,charlesvasquez@mcintosh.com,South,2021-01-13,2024-01-01
AG1054,William Shaw,usmith@gmail.com,North,2022-11-29,2024-01-01
AG1055,Carol Marks,ashley28@gmail.com,North,2020-08-04,2024-01-01
AG1056,Jennifer Greene,hjackson@gmail.com,West,2020-11-06,2024-01-01
AG1057,Michael Neal,fthompson@james.com,West,2020-09-29,2024-01-01
AG1058,Bryan Cortez,smithandrew@hotmail.com,South,2023-02-11,2024-01-01
AG1059,Troy Raymond,jayestrada@moses-cannon.com,West,2021-06-13,2024-01-01
AG1060,Mark Hayes,rossbradley@gmail.com,North,2020-09-16,2024-01-01
AG1061,Jeffrey Foster,space@wood.com,North,2021-02-19,2024-01-01
AG1062,Jessica Lamb,collin80@yahoo.com,North,2022-10-26,2024-01-01
AG1063,Kristie Pena,jenniferhernandez@adams-collins.biz,East,2020-09-03,2024-01-01
AG1064,Nicholas Williams,vdiaz@gardner-rivera.org,South,2020-07-19,2024-01-01
AG1065,Lisa Smith,kathleen80@hotmail.com,West,2022-08-30,2024-01-01
AG1066,Gina Jones,mayerbryan@hotmail.com,West,2020-11-05,2024-01-01
AG1067,Michael Davis,timothyholland@hotmail.com,West,2022-05-28,2024-01-01
AG1068,Kevin Wood,erin46@yahoo.com,East,2021-09-25,2024-01-01
AG1069,Tammy Edwards,jesus38@hotmail.com,West,2022-07-18,2024-01-01
AG1070,Jason Chambers,stephenhuynh@lang.com,South,2022-12-06,2024-01-01
AG1071,Oscar Alvarado,christophermiddleton@frederick.com,East,2021-05-31,2024-01-01
AG1072,Justin George,andersoncheryl@hopkins-johnson.biz,West,2022-04-12,2024-01-01
AG1073,Breanna Peters,thill@gomez-reynolds.net,East,2023-01-02,2024-01-01
AG1074,Christian Jenkins,jamesclark@hernandez.net,East,2021-04-06,2024-01-01
AG1075,Adam Guerra,brian15@benitez.com,West,2022-12-06,2024-01-01
AG1076,Emily Mcguire,sandersashley@hanna.com,North,2020-07-23,2024-01-01
AG1077,Mr. Jeffrey Chase,judithroberts@strickland-boyer.com,West,2022-12-14,2024-01-01
AG1078,Timothy Thompson,yboyer@allison.info,East,2022-02-07,2024-01-01
AG1079,Joseph Pearson,villajustin@white.biz,West,2022-11-29,2024-01-01
AG1080,Taylor Smith,dmason@gmail.com,South,2021-02-21,2024-01-01
AG1081,Earl Lyons,anthonyhudson@hanna.info,West,2023-02-03,2024-01-01
AG1082,John Monroe,elizabethcurtis@yahoo.com,West,2021-12-24,2024-01-01
AG1083,Patrick Smith,mirandasteven@wagner.biz,,2022-12-02,2024-01-01
AG1084,Brenda Peterson,john83@yahoo.com,South,2022-07-24,2024-01-01
AG1085,Alicia Contreras,xscott@padilla-lee.com,West,2023-04-22,2024-01-01
AG1086,Heather Bryan,zwilkinson@gmail.com,South,2023-01-21,2024-01-01
AG1087,Jennifer Garcia,jaredgay@parker.net,North,2022-12-06,2024-01-01
AG1088,Erica Mckee,michaelmiller@ellis.com,West,2023-01-30,2024-01-01
AG1089,Samantha Lewis,aprilbranch@webb-chavez.biz,North,2021-12-17,2024-01-01
AG1090,Jennifer Ashley,joneskayla@gmail.com,North,2023-02-05,2024-01-01
AG1091,Scott Young,melissabartlett@hotmail.com,South,2020-07-15,2024-01-01
AG1092,Donald Collins,kelly06@hotmail.com,South,2022-04-09,2024-01-01
AG1093,Susan Watkins,qpark@norris-cline.com,South,2021-05-12,2024-01-01
AG1094,Allison Sandoval,gallowaymathew@ferguson-randolph.com,South,2021-10-14,2024-01-01
AG1095,Jennifer Singleton,moonalexis@yahoo.com,West,2020-08-10,2024-01-01
AG1096,Jason Oliver,scottvalerie@gmail.com,South,2020-06-29,2024-01-01
AG1097,Robert Moore,hernandezdavid@yahoo.com,West,2021-05-12,2024-01-01
AG1098,Tammy Martinez,thomas85@gmail.com,West,2021-05-20,2024-01-01
AG1099,Sheri Grimes,camposkylie@sims.com,West,2022-08-03,2024-01-01
AG1100,Richard Young,rodriguezrobert@harris.com,East,2020-09-14,2024-01-01
AG1101,Heather Fox,catherine53@miller.info,North,2023-05-16,2024-01-01
AG1102,Eric Duncan,jodidonovan@gmail.com,East,2021-04-01,2024-01-01
AG1103,Renee Bass,steven74@gmail.com,East,2021-09-22,2024-01-01
AG1104,Allison Henry,glendakim@james-peters.com,East,2021-06-09,2024-01-01
AG1105,Michael Roth,dylan14@whitney.org,West,2022-06-29,2024-01-01
AG1106,Charles Reynolds,hillroberto@williams-brown.com,North,2020-08-31,2024-01-01
AG1107,Vickie Hunter,anitabrewer@yahoo.com,West,2021-02-07,2024-01-01
AG1108,April Dominguez,emitchell@hotmail.com,West,2020-08-09,2024-01-01
AG1109,Matthew Smith,fjohnson@doyle-ayala.net,North,2023-02-12,2024-01-01
AG1110,Margaret Russell,thompsonholly@hotmail.com,East,2023-04-19,2024-01-01
AG1111,Julie Morrow,jessicalopez@allison.com,South,2022-02-16,2024-01-01
AG1112,Timothy Walker,kwilson@gmail.com,East,2022-09-17,2024-01-01
AG1113,Jacqueline Taylor DVM,garysimmons@hotmail.com,North,2021-02-04,2024-01-01
AG1114,Kelsey Donaldson,zimmermanrobin@yahoo.com,West,2020-12-17,2024-01-01
AG1115,Lydia Hall,jrandall@hudson.com,East,2021-09-12,2024-01-01
AG1116,Penny Crawford,twhitney@rojas.com,East,2022-10-31,2024-01-01
AG1117,Julia Murphy,smithjennifer@gmail.com,West,2023-04-16,2024-01-01
AG1118,Sarah Massey,zacharyflores@hotmail.com,South,2020-09-08,2024-01-01
AG1119,Harold Palmer,lisa16@white.com,North,2021-08-24,2024-01-01
AG1120,Elizabeth Joseph,andrewlopez@nelson.com,East,2022-04-27,2024-01-01
AG1121,Marc Jackson,ewolf@yahoo.com,North,2022-12-29,2024-01-01
AG1122,Stephanie Nelson,ualvarado@hotmail.com,West,2023-03-26,2024-01-01
AG1123,David Green,brucejennifer@hotmail.com,North,2021-12-31,2024-01-01
AG1124,David Roy,schmidtemily@hotmail.com,West,2022-11-13,2024-01-01
AG1125,Emily Marquez DVM,qgriffin@yahoo.com,East,2021-01-15,2024-01-01
AG1126,Joseph Stanton,diane79@gmail.com,West,2022-12-23,2024-01-01
AG1127,Christine Nguyen,jimenezlynn@yahoo.com,South,2022-10-03,2024-01-01
AG1128,Donna Gonzalez,millermichael@davis.com,,2020-08-22,2024-01-01
AG1129,Amanda Patterson,jhill@gmail.com,North,2023-04-28,2024-01-01
AG1130,Mikayla Schmitt,mberger@watson.com,West,2022-12-02,2024-01-01
AG1131,Edwin Ryan,kylebrooks@hotmail.com,North,2021-09-04,2024-01-01
AG1132,Heidi Nelson,jesse35@jones-edwards.com,East,2023-03-10,2024-01-01
AG1133,Kim Stewart,keithmichael@gmail.com,North,2021-05-31,2024-01-01
AG1134,Christopher Ruiz,omartin@hotmail.com,North,2020-11-16,2024-01-01
AG1135,Michelle Tran,jgordon@hotmail.com,North,2021-06-16,2024-01-01
AG1136,Jennifer Crosby,nacevedo@scott-jackson.com,West,2023-03-27,2024-01-01
AG1137,Andre Kramer,bking@dougherty.com,North,2021-01-27,2024-01-01
AG1138,Rodney Alexander,chood@hotmail.com,South,2021-01-12,2024-01-01
AG1139,Julie Perez,thomasturner@fields-villanueva.com,West,2021-03-05,2024-01-01
AG1140,Jerry Wells,aroberts@thompson-delgado.biz,West,2022-02-05,2024-01-01
AG1141,Sandra Hunt,garciadaniel@ayers.com,East,2022-12-05,2024-01-01
AG1142,Sarah Cervantes,heather68@gmail.com,East,2022-11-20,2024-01-01
AG1143,Melissa Evans,heatherponce@wagner-blankenship.org,West,2021-01-19,2024-01-01
AG1144,Aaron Ashley,bhuerta@harris.com,South,2022-07-13,2024-01-01
AG1145,Julia Little,djohnson@huang-stevens.com,South,2022-09-23,2024-01-01
AG1146,Stephanie Johnson,michael96@hale-carroll.biz,North,2021-02-28,2024-01-01
AG1147,Justin Thompson,jessica87@hotmail.com,South,2020-06-21,2024-01-01
AG1148,Robert Cook,michelesimmons@velasquez.com,West,2023-01-15,2024-01-01
AG1149,Catherine Blake,prestoncharles@yahoo.com,West,2020-07-19,2024-01-01
AG1150,Victoria Hunter,garciapatrick@bowman.com,East,2020-07-09,2024-01-01
AG1151,Stephen Reed,odomsharon@sanchez-mayo.com,South,2020-10-22,2024-01-01
AG1152,Cory Simon,vsimmons@yahoo.com,South,2023-01-17,2024-01-01
AG1153,Regina Evans,john37@yahoo.com,North,2023-04-07,2024-01-01
AG1154,Anne Guzman,troydavis@gmail.com,North,2020-06-06,2024-01-01
AG1155,Crystal Rodriguez,hvargas@yahoo.com,South,2022-12-21,2024-01-01
AG1156,Craig Armstrong,murphyamanda@yahoo.com,East,2022-12-02,2024-01-01
AG1157,Mark Clark,clarkmichele@mullins-garcia.net,South,2022-04-18,2024-01-01
AG1158,Jennifer Hall,travis28@yahoo.com,North,2022-09-28,2024-01-01
AG1159,Ronald Buchanan,jessica78@williams.net,East,2021-06-04,2024-01-01
AG1160,Brenda Rodgers,daniel03@yahoo.com,West,2022-04-10,2024-01-01
AG1161,Timothy Meadows,angela10@yahoo.com,South,2022-09-30,2024-01-01
AG1162,Austin Copeland,jeffrey64@garcia.biz,West,2020-08-02,2024-01-01
AG1163,Cheryl Johnson,traci54@hotmail.com,West,2020-06-16,2024-01-01
AG1164,Nathan Carter,richard72@hotmail.com,West,2021-07-15,2024-01-01
AG1165,Kristina Brown,zdonovan@yahoo.com,East,2021-01-29,2024-01-01
AG1166,Derrick Ramsey,okelley@bailey.com,North,2023-04-09,2024-01-01
AG1167,David Perry,lgarcia@scott-graham.net,West,2020-08-18,2024-01-01
AG1168,Christopher Soto,kleintristan@gmail.com,West,2020-11-21,2024-01-01
AG1169,Michael Hensley,davidwhite@gmail.com,West,2022-03-03,2024-01-01
AG1170,Bradley Gill,alexisalvarez@smith.com,North,2020-10-20,2024-01-01
AG1171,Megan Dean,dmontoya@bates.com,North,2023-05-06,2024-01-01
AG1172,Kristy Porter,harry36@yahoo.com,South,2023-01-17,2024-01-01
AG1173,Alan Williams,carly44@preston.org,East,2020-09-22,2024-01-01
AG1174,Lauren Mueller,michelleperez@bell.com,West,2021-09-16,2024-01-01
AG1175,Charles Hines,tsalinas@hotmail.com,West,2021-04-30,2024-01-01
AG1176,Oscar Morrison,mcbridemichelle@tucker-powers.org,East,2021-03-06,2024-01-01
AG1177,Jasmine Miller,wilkersonamy@hotmail.com,South,2021-11-20,2024-01-01
AG1178,Lee Rodriguez,ocarter@yahoo.com,South,2022-12-09,2024-01-01
AG1179,Melissa Rodriguez,rgarza@fleming.biz,East,2023-02-04,2024-01-01
AG1180,Michael Dyer,bauerjames@gmail.com,East,2020-09-17,2024-01-01
AG1181,Steven Gonzalez,hermandeborah@gonzalez-kemp.net,North,2020-07-22,2024-01-01
AG1182,Mrs. Melinda Cooper,anthony80@hotmail.com,South,2022-09-17,2024-01-01
AG1183,Donald West,robinsonkeith@conrad-williams.biz,South,2021-09-09,2024-01-01
AG1184,Alexander Randolph,ramoscharles@hotmail.com,South,2020-08-28,2024-01-01
AG1185,Charles Wilson,sarah35@martin.biz,East,2021-02-17,2024-01-01
AG1186,Oscar Thomas,nmitchell@hotmail.com,South,2021-11-12,2024-01-01
AG1187,Jerry Bowers,graywilliam@morales.com,East,2021-02-17,2024-01-01
AG1188,Tracy Jordan,teresa42@yahoo.com,North,2022-05-30,2024-01-01
AG1189,Jared Knight,xbarnett@lee-malone.com,North,2022-02-03,2024-01-01
AG1190,Matthew Jones,brownjason@cooper.org,West,2021-08-06,2024-01-01
AG1191,Lauren Murphy,brandon61@gmail.com,West,2022-04-06,2024-01-01
AG1192,Michael Garcia,christopherlivingston@hotmail.com,North,2023-03-28,2024-01-01
AG1193,Ann Phillips,brooksdavid@cruz-ferguson.info,North,2021-07-21,2024-01-01
AG1194,Heather Wright MD,hacevedo@alvarez-williams.com,West,2020-11-08,2024-01-01
AG1195,Cynthia Matthews,deborahsandoval@hotmail.com,East,2020-12-04,2024-01-01
AG1196,Yvonne Andrews,marcus48@gmail.com,East,2022-07-14,2024-01-01
AG1197,Elizabeth Sanchez,mferguson@knight-robinson.info,East,2023-02-09,2024-01-01
AG1198,Luis Cole,jessica32@franklin.info,South,2023-03-11,2024-01-01
AG1199,Michael Wagner,alexandersilva@yahoo.com,West,2020-08-23,2024-01-01
AG1200,Robert Smith,torresjeffery@ford.org,West,2023-01-27,2024-01-01
AG1201,Kathleen Blanchard,twilliams@gmail.com,South,2020-06-28,2024-01-01
AG1202,Joan Campbell,danielcarter@ford.info,South,2023-04-01,2024-01-01
AG1203,Brandon Morrow,mariagraham@hotmail.com,North,2021-10-10,2024-01-01
AG1204,Richard Hansen,perrybetty@yahoo.com,South,2021-11-30,2024-01-01
AG1205,Christina Rivera,chriswolf@gmail.com,East,2023-05-10,2024-01-01
AG1206,Terry Ayala,taylorjacob@gmail.com,,2022-02-26,2024-01-01
AG1207,Austin Gordon,zevans@mccarthy-gonzalez.com,East,2022-12-03,2024-01-01
AG1208,Christopher Johnson,lguerra@larson.com,East,2022-01-17,2024-01-01
AG1209,Carla Grant,qneal@gmail.com,North,2023-05-25,2024-01-01
AG1210,Scott White,olittle@gmail.com,North,2023-03-14,2024-01-01
AG1211,Christopher Jensen,wsmith@williams.biz,West,2020-08-18,2024-01-01
AG1212,Nathan Gordon PhD,bstone@hotmail.com,North,2021-04-13,2024-01-01
AG1213,Jennifer Allen,garciacynthia@perez.com,West,2020-09-02,2024-01-01
AG1214,Tyler Reyes,davidsmith@yahoo.com,North,2020-11-04,2024-01-01
AG1215,Andrew Gibson,amanda07@hotmail.com,West,2023-04-15,2024-01-01
AG1216,Kelly Carpenter,jessicarodriguez@hotmail.com,North,2021-05-06,2024-01-01
AG1217,Samuel Turner,fcaldwell@mendoza.net,West,2022-03-31,2024-01-01
AG1218,Adam Taylor,amandaheath@anderson-obrien.com,South,2020-06-11,2024-01-01
AG1219,Ronald Washington,lisasmith@wilson.info,West,2021-01-29,2024-01-01
AG1220,Donna Smith,waynenguyen@hotmail.com,South,2021-11-13,2024-01-01
AG1221,Dylan Brooks,joneswilliam@jones-carter.org,East,2022-12-16,2024-01-01
AG1222,Mackenzie Figueroa,ocaldwell@yahoo.com,North,2021-12-10,2024-01-01
AG1223,Scott Rodriguez,lisawilliams@yahoo.com,East,2022-05-09,2024-01-01
AG1224,Jacob Koch,courtney45@yahoo.com,East,2022-04-16,2024-01-01
AG1225,Christopher Matthews,zmartinez@gmail.com,East,2021-08-01,2024-01-01
AG1226,Stephen Thomas,lmiller@yahoo.com,South,2023-04-29,2024-01-01
AG1227,Jonathan Campbell,moorejames@gmail.com,East,2021-05-24,2024-01-01
AG1228,Tiffany Ho,paulfernandez@harris.com,North,2021-09-30,2024-01-01
AG1229,Mark Velazquez,wendymartinez@butler.com,South,2021-12-19,2024-01-01
AG1230,Jason Martinez,uguerra@hotmail.com,West,2020-07-16,2024-01-01
AG1231,Gina West,rhonda81@yahoo.com,West,2023-01-02,2024-01-01
AG1232,William Diaz,ortizclayton@copeland-turner.info,North,2021-08-22,2024-01-01
AG1233,Melissa Roth,johnbrown@powell-green.com,West,2021-04-07,2024-01-01
AG1234,Brett Johnson,jeanettemartinez@brewer.com,East,2022-03-21,2024-01-01
AG1235,Laura Ho,jeremyramos@martinez.net,West,2021-07-05,2024-01-01
AG1236,Robert Mayer,christopher63@yahoo.com,East,2022-09-23,2024-01-01
AG1237,Bradley Brown,qhumphrey@gmail.com,South,2020-11-20,2024-01-01
AG1238,Benjamin Hicks,maynardamanda@yahoo.com,West,2020-11-15,2024-01-01
AG1239,Ryan Rivas,vtaylor@wagner-carlson.org,East,2021-07-04,2024-01-01
AG1240,Brent Cruz,nguyenandrea@yahoo.com,East,2022-06-03,2024-01-01
AG1241,Stephen Gonzalez,douglas83@harper.com,West,2022-06-24,2024-01-01
AG1242,Henry Bullock,penasteven@gmail.com,North,2023-03-21,2024-01-01
AG1243,Kelly Walker,morrowbecky@olsen.biz,North,2023-05-10,2024-01-01
AG1244,Cynthia Shelton,yrussell@ramirez.net,West,2022-05-08,2024-01-01
AG1245,Wendy Smith,eric51@yahoo.com,West,2021-04-19,2024-01-01
AG1246,Kimberly Wilson,davidellis@le-martinez.net,South,2023-04-17,2024-01-01
AG1247,James Poole,anna73@jones.com,North,2022-05-04,2024-01-01
AG1248,Brian Singh,bartlettsara@carlson.com,West,2021-07-16,2024-01-01
AG1249,David Hahn,miguel99@jenkins.com,South,2021-06-15,2024-01-01
AG1250,Charles Hamilton,gary69@yahoo.com,North,2023-03-03,2024-01-01
AG1251,Mario Richardson,david28@pittman.com,North,2023-02-04,2024-01-01
AG1252,Dana Elliott,qelliott@gmail.com,South,2021-11-03,2024-01-01
AG1253,Ashley Hoffman DDS,marykemp@escobar.net,East,2022-05-09,2024-01-01
AG1254,Patrick Wagner,victor07@sanchez.com,North,2022-12-20,2024-01-01
AG1255,Derrick Campos,stephen77@yahoo.com,North,2020-11-30,2024-01-01
AG1256,Michael Tucker,gordondavid@tapia.com,North,2020-07-10,2024-01-01
AG1257,Richard Parker,davisjames@gmail.com,North,2022-07-07,2024-01-01
AG1258,Andrea Williams,wwilliams@hotmail.com,North,2021-12-28,2024-01-01
AG1259,Danny English,jaclynadams@yahoo.com,West,2020-08-18,2024-01-01
AG1260,Christy Thomas,christopher31@gmail.com,South,2020-10-30,2024-01-01
AG1261,Lisa Lewis,gibsonjohn@williams-martin.org,West,2023-01-21,2024-01-01
AG1262,Felicia Cooper,dschmidt@hotmail.com,North,2022-07-15,2024-01-01
AG1263,Michael Johnson,xsmith@hotmail.com,South,2021-03-06,2024-01-01
AG1264,Miss Alexandra Newton,danielle69@gmail.com,East,2023-01-07,2024-01-01
AG1265,Andrea Cobb,brenda30@mitchell-gutierrez.biz,North,2021-01-11,2024-01-01
AG1266,Nicole Houston,courtneymiller@gmail.com,East,2021-01-09,2024-01-01
AG1267,Heather Jones,derek43@yahoo.com,North,2022-10-14,2024-01-01
AG1268,Nicole Haas,orobertson@mcfarland.com,West,2022-05-04,2024-01-01
AG1269,Stephanie Rice,heidi47@shepherd.com,South,2023-05-04,2024-01-01
AG1270,John Graham,richardmoses@hotmail.com,South,2021-08-02,2024-01-01
AG1271,Catherine Robinson,bakermelissa@hotmail.com,North,2022-12-27,2024-01-01
AG1272,Nicole Gray,zfoley@lee.com,East,2022-01-31,2024-01-01
AG1273,Lauren Austin,bellmeghan@yahoo.com,North,2020-10-19,2024-01-01
AG1274,Randy Williams,aguilartammy@petersen.com,South,2021-01-20,2024-01-01
AG1275,Angel Mora,williamstevens@lee.biz,East,2022-03-25,2024-01-01
AG1276,Debra Paul,ybeard@hotmail.com,East,2022-09-12,2024-01-01
AG1277,John Villa,nmora@hughes.com,West,2021-06-26,2024-01-01
AG1278,Courtney Sherman,morrisonderek@cook.biz,North,2023-01-23,2024-01-01
AG1279,Robert Gilbert,austin81@hotmail.com,South,2022-02-02,2024-01-01
AG1280,Laurie Martin,nathannichols@gmail.com,North,2021-01-04,2024-01-01
AG1281,Crystal Diaz,jeffreysmith@williams-rodriguez.com,South,2021-08-02,2024-01-01
AG1282,Christian Waters,clintonmartinez@hotmail.com,North,2023-02-23,2024-01-01
AG1283,Emily Weeks,scottjones@mcbride.com,South,2023-01-25,2024-01-01
AG1284,Richard Cunningham,antoniothomas@yahoo.com,North,2021-09-17,2024-01-01
AG1285,Robert Aguilar,uzamora@gmail.com,West,2020-12-17,2024-01-01
AG1286,Michelle Taylor,cdougherty@salazar.net,North,2020-07-07,2024-01-01
AG1287,Bobby Thompson,xpeterson@mitchell-gordon.net,North,2021-02-17,2024-01-01
AG1288,Chad Leonard,iestrada@stevens.com,South,2021-06-01,2024-01-01
AG1289,Antonio Morton,myersdonna@yahoo.com,East,2020-06-03,2024-01-01
AG1290,Kendra Green,david69@gardner.com,West,2021-04-02,2024-01-01
AG1291,Billy Williams,larakristin@cowan.com,West,2022-08-31,2024-01-01
AG1292,Mr. Richard Garcia,lindsayfrederick@wilson-wolf.com,North,2022-01-06,2024-01-01
AG1293,Donna Leonard,kenneth54@gmail.com,West,2023-02-22,2024-01-01
AG1294,Gary Chavez,nicole59@yahoo.com,,2020-12-30,2024-01-01
AG1295,Jenna Miles,obrown@roy-dunlap.org,North,2022-09-03,2024-01-01
AG1296,Alexis Smith,athompson@yahoo.com,South,2022-10-01,2024-01-01
AG1297,Diane Smith,josephsmith@castillo-cox.info,East,2020-12-05,2024-01-01
AG1298,Jeffrey Hurley DDS,ramoschristopher@williams.com,South,2023-05-02,2024-01-01
AG1299,Julian Moore,cindymullen@gmail.com,West,2022-03-30,2024-01-01
AG1300,Michael Lutz,brent39@odom-parker.net,North,2022-12-16,2024-01-01
AG1301,Jennifer Washington,leejennifer@hotmail.com,South,2022-07-26,2024-01-01
AG1302,Carl Diaz,crystalhoward@richards.biz,North,2021-07-31,2024-01-01
AG1303,Amy Cole,hthompson@yahoo.com,West,2021-02-27,2024-01-01
AG1304,Robert Harper,james86@stewart.com,North,2023-02-14,2024-01-01
AG1305,Dawn Diaz,garciabrenda@yahoo.com,North,2021-07-30,2024-01-01
AG1306,Robert Morse,krystal85@dennis-todd.info,South,2023-05-25,2024-01-01
AG1307,Jo Watson,jason60@sparks.com,South,2020-11-21,2024-01-01
AG1308,Mariah Lopez,grahampatrick@dean.biz,East,2023-03-04,2024-01-01
AG1309,Troy Hendricks,marklevy@yahoo.com,South,2020-07-23,2024-01-01
AG1310,Dylan Holmes,pvaughan@gmail.com,West,2022-12-14,2024-01-01
AG1311,Christine Wood,jonathan01@yahoo.com,South,2021-03-16,2024-01-01
AG1312,Jordan Wilson,ljohnson@yahoo.com,West,2020-11-10,2024-01-01
AG1313,Jacqueline Crawford,kevinmccoy@yahoo.com,East,2022-10-23,2024-01-01
AG1314,Erin Robinson,anthony00@lee.com,East,2023-01-14,2024-01-01
AG1315,Daniel Thompson,eric59@rodriguez.net,South,2023-05-16,2024-01-01
AG1316,Crystal Evans,larsencharles@gmail.com,East,2022-03-16,2024-01-01
AG1317,Dr. Allison Gonzales,djarvis@yahoo.com,South,2021-12-05,2024-01-01
AG1318,Barbara French,bowendorothy@robinson.biz,West,2021-08-07,2024-01-01
AG1319,Miranda Richmond,chelseawatson@hotmail.com,West,2021-01-05,2024-01-01
AG1320,Johnny Mendez,jill36@wilson.com,South,2022-12-15,2024-01-01
AG1321,Matthew Chaney,anthonyhensley@hotmail.com,South,2022-07-30,2024-01-01
AG1322,Gary Walton,nealgabrielle@gonzalez-cox.biz,East,2023-05-22,2024-01-01
AG1323,Jon Mann,lewiscorey@james.biz,West,2021-03-10,2024-01-01
AG1324,Shannon Grant,shannon58@gmail.com,South,2022-06-27,2024-01-01
AG1325,Richard Cain,hturner@thomas.com,North,2022-07-10,2024-01-01
AG1326,Glen Pollard,garciamark@thompson.com,West,2022-07-28,2024-01-01
AG1327,Jennifer Greer,brayian@quinn.com,East,2020-11-21,2024-01-01
AG1328,Michael Nash,barbara39@gmail.com,South,2023-04-16,2024-01-01
AG1329,Mark Watson,nelsonlisa@hotmail.com,South,2021-01-12,2024-01-01
AG1330,Gregory Johnson,pochoa@bell-garza.com,North,2022-03-08,2024-01-01
AG1331,Rebecca Alexander,jessica63@williams.com,North,2021-05-29,2024-01-01
AG1332,Linda Anderson DDS,njuarez@landry.com,North,2020-11-01,2024-01-01
AG1333,Jason Long,trevor46@moss.info,West,2022-02-07,2024-01-01
AG1334,Betty Flores,brandonfox@hotmail.com,West,2021-06-19,2024-01-01
AG1335,Billy Gordon,ymiller@gmail.com,South,2021-12-28,2024-01-01
AG1336,Alison Kelly,barronjennifer@yahoo.com,East,2023-04-09,2024-01-01
AG1337,Jennifer Lambert,kevin18@yahoo.com,North,2021-11-06,2024-01-01
AG1338,David Cruz,mjacobs@hotmail.com,West,2020-12-10,2024-01-01
AG1339,Angelica Thompson,meyerbreanna@hotmail.com,West,2020-12-31,2024-01-01
AG1340,Charles Johnson,cesarjohnson@yahoo.com,North,2022-09-22,2024-01-01
AG1341,Darrell Brown DDS,saundersashley@hotmail.com,West,2021-03-07,2024-01-01
AG1342,Jesse Lloyd,gmueller@torres.com,North,2021-07-16,2024-01-01
AG1343,Sarah Cook,curtis05@gmail.com,East,2021-07-11,2024-01-01
AG1344,Phillip Jefferson,vwilliams@hotmail.com,West,2021-09-21,2024-01-01
AG1345,Elizabeth Johnson,allenjohn@gmail.com,West,2022-09-13,2024-01-01
AG1346,Victoria Krause,ltaylor@jones.biz,West,2020-12-18,2024-01-01
AG1347,Cory Garcia,anna08@jackson.net,North,2023-05-10,2024-01-01
AG1348,William Cortez,davidgreer@hurley.com,North,2022-10-04,2024-01-01
AG1349,Jacob Wilson,tuckerrobert@gmail.com,North,2022-01-10,2024-01-01
AG1350,Carrie Smith,icampbell@yahoo.com,South,2022-06-25,2024-01-01
AG1351,Linda Hartman,alopez@hotmail.com,West,2022-04-23,2024-01-01
AG1352,Christopher Martinez,darrell26@gmail.com,North,2022-08-18,2024-01-01
AG1353,Matthew Collins,iliu@cabrera-cooper.com,South,2020-11-07,2024-01-01
AG1354,George Anderson,austin56@gmail.com,North,2021-03-12,2024-01-01
AG1355,Thomas Haynes,utaylor@gmail.com,North,2021-10-30,2024-01-01
AG1356,Nathan Miller,garciamelissa@yahoo.com,South,2021-06-20,2024-01-01
AG1357,Judy Lee,eddie25@gmail.com,South,2021-10-13,2024-01-01
AG1358,Jenny Nash,ikramer@yahoo.com,South,2021-07-06,2024-01-01
AG1359,Jessica Clark,ericavelazquez@arnold.com,North,2023-06-02,2024-01-01
AG1360,Terry Sampson,christine27@morris-norman.info,North,2021-04-19,2024-01-01
AG1361,Rodney Doyle,natashabeck@case.com,East,2021-02-27,2024-01-01
AG1362,Harry Hood,smithnicholas@gmail.com,West,2022-08-16,2024-01-01
AG1363,Brad Griffith,uvelasquez@price-rodriguez.info,West,2022-07-30,2024-01-01
AG1364,Aaron Hoffman,allisoncarlson@hotmail.com,South,2023-01-15,2024-01-01
AG1365,Sharon Henderson,cwilliams@hotmail.com,East,2020-12-27,2024-01-01
AG1366,Amber Ballard,williamphillips@lawson.com,South,2020-08-29,2024-01-01
AG1367,Michael Mcclain,qnguyen@murphy-burgess.com,West,2022-08-02,2024-01-01
AG1368,Jacqueline Johnson,zmorgan@woodard.org,West,2022-01-26,2024-01-01
AG1369,Larry Williams,chambersdiane@morris.com,West,2020-11-29,2024-01-01
AG1370,Robert Wells,prestonmatthew@vega.info,South,2020-09-04,2024-01-01
AG1371,Tammie Robinson,abaker@dixon.net,South,2022-08-13,2024-01-01
AG1372,Crystal Lee,edgar35@hotmail.com,North,2021-09-27,2024-01-01
AG1373,Cynthia George,masseypatrick@massey.org,East,2021-09-04,2024-01-01
AG1374,Janet Stone,krobinson@price.org,West,2022-03-24,2024-01-01
AG1375,Anthony Salazar,autumnclark@wilson-reynolds.com,South,2021-01-22,2024-01-01
AG1376,Jonathan Serrano,adamsgregory@hotmail.com,West,2023-02-15,2024-01-01
AG1377,Elizabeth Caldwell,michelle74@gmail.com,East,2021-08-03,2024-01-01
AG1378,Christopher Abbott,batesclinton@carroll-tucker.info,West,2021-09-18,2024-01-01
AG1379,James Woodward,ubryant@vaughn.com,South,2022-08-08,2024-01-01
AG1380,Colleen Anthony,wmcdowell@stone-mitchell.net,East,2022-02-07,2024-01-01
AG1381,Mrs. Renee Rogers DDS,grahammichael@murphy.biz,East,2020-12-17,2024-01-01
AG1382,Stephen Taylor,juanmunoz@roberts-velasquez.com,North,2023-01-02,2024-01-01
AG1383,Mario Richmond,bestelizabeth@daugherty.com,North,2021-01-22,2024-01-01
AG1384,Michael Allen,fholland@newman.com,West,2020-08-14,2024-01-01
AG1385,Richard Hall,jamesbaker@ward-robinson.com,East,2021-01-09,2024-01-01
AG1386,Keith Sloan,vgreene@yahoo.com,South,2022-12-22,2024-01-01
AG1387,Kimberly Holden,lboyer@watson.com,South,2022-05-19,2024-01-01
AG1388,Taylor Norris,lauren50@roberson.com,East,2023-03-12,2024-01-01
AG1389,Albert Murphy,ythomas@boyer.com,North,2021-09-13,2024-01-01
AG1390,John Austin,wchapman@yahoo.com,West,2023-03-10,2024-01-01
AG1391,Kevin Mitchell,wmartinez@yahoo.com,West,2021-07-16,2024-01-01
AG1392,Mary Ramos,alexander68@lara.com,East,2022-05-28,2024-01-01
AG1393,Ashley Howard,mackenzieibarra@meyer.net,South,2023-03-20,2024-01-01
AG1394,Raymond Mcgee,burgesscrystal@hotmail.com,North,2020-07-02,2024-01-01
AG1395,Martin Dunn,davidayers@yahoo.com,East,2021-08-24,2024-01-01
AG1396,Timothy Vazquez,amandalyons@johnson-harper.com,South,2023-04-28,2024-01-01
AG1397,Jose Webb,pgonzalez@yahoo.com,East,2021-05-15,2024-01-01
AG1398,Lindsey Kelley,alex99@miller.com,North,2020-10-19,2024-01-01
AG1399,Timothy Cardenas,maria97@gmail.com,East,2022-02-10,2024-01-01
AG1400,Gregory Barajas,johnsonnancy@hotmail.com,West,2020-08-12,2024-01-01
AG1401,Jonathan Johnson,ksmith@gmail.com,North,2020-12-12,2024-01-01
AG1402,Dean Morton,alexander03@gmail.com,East,2020-08-22,2024-01-01
AG1403,Stacy Nelson,carrollcollin@hotmail.com,East,2020-09-09,2024-01-01
AG1404,Tina Lewis,joseph73@reese-hubbard.info,East,2020-07-31,2024-01-01
AG1405,Jeffrey Weaver,megancortez@salazar-wilson.com,East,2021-11-15,2024-01-01
AG1406,Jason Williams,richard37@hotmail.com,South,2020-11-23,2024-01-01
AG1407,Lisa Chase,daniellewise@taylor.org,West,2021-02-11,2024-01-01
AG1408,John Thomas,mhodge@hotmail.com,South,2020-08-15,2024-01-01
AG1409,Kaitlin Bailey,lisa57@glover-smith.net,East,2023-01-05,2024-01-01
AG1410,Jessica Sullivan,daviddavis@gmail.com,West,2021-02-04,2024-01-01
AG1411,John Martin,qcook@yahoo.com,East,2023-04-10,2024-01-01
AG1412,Kenneth Hall,justin83@hotmail.com,West,2022-05-16,2024-01-01
AG1413,Adam Brooks,debraperez@gmail.com,North,2021-08-07,2024-01-01
AG1414,Devon Winters,whitediana@collins-wilson.biz,West,2021-07-13,2024-01-01
AG1415,Justin Gonzalez,edwinfletcher@hotmail.com,West,2023-03-22,2024-01-01
AG1416,Haley Rodriguez,richardgibson@hotmail.com,West,2022-07-22,2024-01-01
AG1417,Michael Wilson,taralove@ray-henry.biz,South,2020-06-08,2024-01-01
AG1418,Karen Cervantes,susanperez@yahoo.com,West,2021-04-04,2024-01-01
AG1419,Paul Patel,sarah52@ramirez-mills.com,North,2021-06-07,2024-01-01
AG1420,Christopher Schmidt,harrisrachel@hotmail.com,North,2020-07-27,2024-01-01
AG1421,Brent Baker,todddennis@shaffer-johnson.biz,North,2020-11-06,2024-01-01
AG1422,Zachary Butler,paulshelton@yahoo.com,East,2022-05-08,2024-01-01
AG1423,Patricia Davila,hansonphillip@yahoo.com,South,2022-12-09,2024-01-01
AG1424,Angela Santana,mcoleman@jenkins.com,North,2022-10-20,2024-01-01
AG1425,Marie Mcfarland,jasmineanderson@hotmail.com,South,2021-12-23,2024-01-01
AG1426,Tina Keller,moorekevin@gmail.com,East,2021-02-11,2024-01-01
AG1427,Lindsay Williams,nancy09@hammond-mitchell.info,West,2021-11-03,2024-01-01
AG1428,Nancy Johnston,ofields@davis.com,South,2022-04-07,2024-01-01
AG1429,David Cooley,neilparsons@yahoo.com,North,2022-10-01,2024-01-01
AG1430,Tammy Lewis,jennifergutierrez@stewart.com,North,2022-09-21,2024-01-01
AG1431,Maria Sutton PhD,hamiltonsamantha@yahoo.com,North,2021-05-03,2024-01-01
AG1432,Andrew Lynch,jasonparker@gmail.com,North,2023-05-17,2024-01-01
AG1433,Megan Atkinson,bcompton@craig-mccullough.biz,South,2022-03-21,2024-01-01
AG1434,Ashley Cordova,cynthia16@mclean.org,North,2022-01-13,2024-01-01
AG1435,Danny Nelson,huynhgabriel@hotmail.com,East,2021-09-28,2024-01-01
AG1436,Katelyn Scott,tnolan@gmail.com,West,2022-03-24,2024-01-01
AG1437,Kyle Moore,christineperez@yahoo.com,North,2021-11-11,2024-01-01
AG1438,Diana Carlson,paulgates@bush.biz,East,2022-05-15,2024-01-01
AG1439,Michelle Dixon,jason39@hotmail.com,West,2021-01-09,2024-01-01
AG1440,Thomas Roberson,marissa23@hotmail.com,North,2022-04-15,2024-01-01
AG1441,Edward Navarro,charles02@hotmail.com,North,2020-07-23,2024-01-01
AG1442,Daniel Fritz,susan00@gmail.com,North,2020-10-07,2024-01-01
AG1443,Charles Buchanan,krogers@hotmail.com,South,2022-01-06,2024-01-01
AG1444,Heather Wilson,dylan39@hotmail.com,East,2023-04-01,2024-01-01
AG1445,Stephen Martin,sarahpatterson@reynolds.com,East,2021-06-19,2024-01-01
AG1446,Lindsey King,david63@klein.net,West,2022-10-06,2024-01-01
AG1447,Cameron Taylor,mpatterson@hotmail.com,South,2021-01-15,2024-01-01
AG1448,Lisa Miller,scline@yahoo.com,East,2021-08-27,2024-01-01
AG1449,Jacqueline Moore,nathancox@yahoo.com,North,2022-01-08,2024-01-01
AG1450,Benjamin Willis,jill38@schaefer.org,West,2022-07-27,2024-01-01
AG1451,Zachary Newman,martin64@hotmail.com,North,2021-02-13,2024-01-01
AG1452,Mary Rodriguez,james88@hotmail.com,East,2020-07-23,2024-01-01
AG1453,Jonathan Baker,denise23@dickerson.biz,South,2020-06-23,2024-01-01
AG1454,Sydney Cabrera,kathleenmartinez@hotmail.com,East,2023-04-30,2024-01-01
AG1455,Adrian Medina,randallamy@yahoo.com,East,2021-08-18,2024-01-01
AG1456,Michelle Ramos,xriley@ryan.com,West,2022-03-06,2024-01-01
AG1457,Tammy Ray,wharrison@hotmail.com,East,2022-07-13,2024-01-01
AG1458,Ronald Thompson,anthonyadams@fletcher-wagner.biz,South,2021-08-07,2024-01-01
AG1459,Yesenia Dixon,john05@hill-clark.com,East,2022-10-29,2024-01-01
AG1460,Justin Morse,shannon00@gmail.com,South,2020-08-10,2024-01-01
AG1461,Felicia Jones,pinedaamanda@noble.com,South,2022-05-14,2024-01-01
AG1462,Daniel Blanchard,ortegastephanie@martin.net,South,2022-12-11,2024-01-01
AG1463,Mr. James Lambert,lori94@fields.org,West,2022-07-27,2024-01-01
AG1464,Bruce Campbell,darius21@ruiz-martinez.com,North,2021-01-13,2024-01-01
AG1465,Christina Lawson,charlesmorgan@hotmail.com,North,2020-12-23,2024-01-01
AG1466,Samuel Webb,ocampbell@jacobs.org,North,2023-04-13,2024-01-01
AG1467,Eric Lowe,zacharyhernandez@gmail.com,North,2022-07-17,2024-01-01
AG1468,Arthur Rodriguez,shericohen@hotmail.com,West,2021-05-29,2024-01-01
AG1469,Timothy Heath,kimberlywhite@fox-smith.org,West,2020-12-08,2024-01-01
AG1470,Mariah Roberts,patrick68@hotmail.com,North,2022-07-11,2024-01-01
AG1471,William Young,williamsmolly@yahoo.com,East,2023-04-13,2024-01-01
AG1472,Sarah Montgomery,balllori@hotmail.com,South,2021-10-08,2024-01-01
AG1473,Dale Ortiz,howard40@cortez-patterson.org,South,2020-10-27,2024-01-01
AG1474,Robert Nash,wfoster@johnson.net,West,2020-07-14,2024-01-01
AG1475,Matthew Marshall Jr.,elizabeth53@gmail.com,East,2021-03-20,2024-01-01
AG1476,Michele Hale,ortegajoshua@gmail.com,South,2021-12-16,2024-01-01
AG1477,John Hancock,danielmorales@yahoo.com,North,2020-12-29,2024-01-01
AG1478,Joshua Wells,lgonzalez@yahoo.com,North,2020-12-05,2024-01-01
AG1479,Sharon Gibbs,randerson@hotmail.com,North,2020-06-09,2024-01-01
AG1480,Michael Peterson,mbrady@shannon.com,South,2022-12-06,2024-01-01
AG1481,Robert Bennett,qwilliams@wilson.com,South,2020-12-08,2024-01-01
AG1482,Elizabeth Clayton,cruzjacob@yahoo.com,South,2021-08-12,2024-01-01
AG1483,Matthew Deleon,david17@morris.com,South,2021-11-25,2024-01-01
AG1484,Troy Wade,wrightbrittany@moore-campbell.com,East,2023-03-29,2024-01-01
AG1485,Heather Walters,qwallace@hotmail.com,West,2021-01-22,2024-01-01
AG1486,Michael Dominguez,wbaker@yahoo.com,West,2022-08-11,2024-01-01
AG1487,Katherine Cline,jonathanholland@gmail.com,East,2021-01-14,2024-01-01
AG1488,Philip Jones,lauracantu@hotmail.com,East,2021-06-27,2024-01-01
AG1489,Luis Poole,mario90@smith-mack.com,East,2022-11-02,2024-01-01
AG1490,Douglas Mercado,qbarnes@serrano.com,East,2021-02-17,2024-01-01
AG1491,Jared Vasquez,stephanie46@lyons.com,East,2020-12-19,2024-01-01
AG1492,Darlene Martin,williamcochran@robinson-wells.info,West,2022-03-31,2024-01-01
AG1493,David Cardenas,brendarodriguez@yahoo.com,East,2020-11-23,2024-01-01
AG1494,Maria Walters,lindseybell@yahoo.com,North,2020-08-14,2024-01-01
AG1495,Tanya Stokes,thomas40@riddle.com,West,2020-08-09,2024-01-01
AG1496,Lori Fox,kathy47@perez.com,North,2021-02-16,2024-01-01
AG1497,Matthew Bradley,cynthiaspencer@carrillo.com,West,2022-06-21,2024-01-01
AG1498,Monica Garcia,jackcarroll@miller.net,South,2020-10-26,2024-01-01
AG1499,Diana Bates,daniel95@hotmail.com,,2022-07-29,2024-01-01
